FACEBOOK,N/A
INSTAGRAM,https://www.instagram.com/nazimboudeffa
LINKEDIN,https://www.linkedin.com/in/boudeffa
GITHUB,https://github.com/nazimboudeffa
SPOTIFY,
LIVECODINGTV,
TWITTER,https://twitter.com/nazimboudeffa
TWITCHTV,
FLICKER,
TUMBLR,
STEAM,
BLIZZARD,
ITCH,https://nazimboudeffa.itch.io
DISCORD,
SLACK,
MEETIC,
MEKTOUBE,
INCHALLAH,
BADOO,
HAPPEN,
TINDER,
DEEZER,
EVERNOTE,
BUZZFEED,
AIRBNB,
MIXER,
CODEPEN,https://codepen.io/nazimboudeffa
SCRIMBA,
GOOGLE PLAY ,
GIPHY,https://giphy.com/channel/nazimboudeffa
POPKEY,
PIXELJOINT,
OPENFOODFACTS,
MARMITON,
FLUNCH,
MACDO,
DOMINO'S,
GOODREAD,
LIVEJOURNAL,https://nazimboudeffa.livejournal.com
CRUNCHY ROLL,
ALLOCINÉ,
SENS CRITIQUE,
WIKIPEDIA,
MYINSTANT,
LEANPUB,
ETORO,
CHESS,https://www.chess.com/member/nazimboudeffa
OVH,https://community.ovh.com/u/nazimboudeffa
SKYROCK,
INDIEHACKER,
PRODUCTHUNT,
GUMROAD,
HASHNODE,
DEVTO,https://dev.to/nazimboudeffa
WORDPRESS,
CODEWARS,
CODINGAME,
BINARYSEARCH,
REDDIT,https://www.reddit.com/user/nazimboudeffa
